corrected.NameF,corrected.NameR,TS.SequenceF,TS.SequenceR
ACM_008,ADM330_CR,AGAGTTTGATCCTGGCTCAG,GCTGCCTCCCGTAGGAGT
MarkN,Amann,GCTTGTCTCAAAGATTAAGCCN,GGCACCAGACTTGCCCTC
Medin,Amann,AACCTGGTTGATCCTGCCAG,GGCACCAGACTTGCCCTC
MarkN,Euk360_CR,GCTTGTCTCAAAGATTAAGCCN,TCTCAKGCKCCYTCTCCG
proti1702,EukB_MH,YGGTGRTGCATGGCCGYT,TGATCCTTCTGCAGGTTCACC
Nem_0425_6CR,EukB_MH,ATAACAGGTCTGTGATGCCCTT,TGATCCTTCTGCAGGTTCACC
Hadz_1200CR,EukB_MH,GCTTAATTTGACTCAACACGGG,TGATCCTTCTGCAGGTTCACC
Nem_0425_6CR,EukB_MV,ATAACAGGTCTGTGATGCCCTT,TCCTTCTGCAGGTTCACCTAC
proti1702,EukB_MV,YGGTGRTGCATGGCCGYT,TCCTTCTGCAGGTTCACCTAC
Hadz_1200CR,EukB_MV,GCTTAATTTGACTCAACACGGG,TCCTTCTGCAGGTTCACCTAC
Medin,Gen_600_CR,AACCTGGTTGATCCTGCCAG,AGCTGGAATTACCGCGGC
Hadz_566,Hadz_1200,CAGCAGCCGCGGTAATTCC,CCCGTGTTGAGTCAAATTAAGC
Gen_600,Hadz_1200,GCCGCGGTAATTCCAGCT,CCCGTGTTGAGTCAAATTAAGC
AmannCR,Hadz_1200,GAGGGCAAGTCTGGTGCC,CCCGTGTTGAGTCAAATTAAGC
Mach1,Hadz_1200,TGGTGCCAGCAGCCGC,CCCGTGTTGAGTCAAATTAAGC
ACM_008,Klin0341_CR,AGAGTTTGATCCTGGCTCAG,CTGCWGCCNCCCGTAGG
ADM330,Klin0785_CR,ACTCCTACGGGAGGCAGC,GACTACHVGGGTATCTAATCC
Klin0341,Klin0785_CR,CCTACGGGNGGCWGCAG,GACTACHVGGGTATCTAATCC
MarkN,Mach1CR,GCTTGTCTCAAAGATTAAGCCN,GCGGCTGCTGGCACCA
Gen_600,Mach2Gen,GCCGCGGTAATTCCAGCT,TCCGTCAATTTCTTTAAGTTTCAG
Hadz_566,Mach2Gen,CAGCAGCCGCGGTAATTCC,TCCGTCAATTTCTTTAAGTTTCAG
AmannCR,Mach2Gen,GAGGGCAAGTCTGGTGCC,TCCGTCAATTTCTTTAAGTTTCAG
Mach1,Mach2Gen,TGGTGCCAGCAGCCGC,TCCGTCAATTTCTTTAAGTTTCAG
MarkN,Mark,GCTTGTCTCAAAGATTAAGCCN,GCCTGCTGCCTTCCTTGG
Mach1,Nem_0425_2,TGGTGCCAGCAGCCGC,GAARACATTCTTGGCAAATGCY
Hadz_566,Nem_0425_4R,CAGCAGCCGCGGTAATTCC,ARACATTCTTGGCAAATGCYTTC
Gen_600,Nem_0425_4R,GCCGCGGTAATTCCAGCT,ARACATTCTTGGCAAATGCYTTC
Mach1,Nem_0425_4R,TGGTGCCAGCAGCCGC,ARACATTCTTGGCAAATGCYTTC
Nem_0425_4F,Nem_0425_4R,CGGCTACCACATCCAAGGAA,ARACATTCTTGGCAAATGCYTTC
wang1141,Nem_0425_6,GAATTGACGGAAGGGCACC,AAGGGCATCACAGACCTGTTAT
proti440,proti1580_R,TCCGGAGAGSGRGCCTG,TKGTGGTRCCMYTCCGTCAA
proti643,proti1580_R,CCGCGGTAATTCCAGCTC,TKGTGGTRCCMYTCCGTCAA
proti482,proti1580_R,GGCAGCAGGCGCGSAAM,TKGTGGTRCCMYTCCGTCAA
proti15,proti440_R,TGCCAGTAGTCATATGCTTGTYT,CAGGCYCSCTCTCCGGA
MarkN,proti440_R,GCTTGTCTCAAAGATTAAGCCN,CAGGCYCSCTCTCCGGA
proti15,proti482_R,TGCCAGTAGTCATATGCTTGTYT,KTTSCGCGCCTGCTGCC
MarkN,proti628_R,GCTTGTCTCAAAGATTAAGCCN,GGSTGCTGGCACCAGAC
proti89,proti628_R,CKGCGVATGGCTCATTAMAWC,GGSTGCTGGCACCAGAC
proti15,proti628_R,TGCCAGTAGTCATATGCTTGTYT,GGSTGCTGGCACCAGAC
proti15,proti643_R,TGCCAGTAGTCATATGCTTGTYT,GAGCTGGAATTACCGCGG
proti89,proti643_R,CKGCGVATGGCTCATTAMAWC,GAGCTGGAATTACCGCGG
proti440,wang1141CR,TCCGGAGAGSGRGCCTG,GGTGCCCTTCCGTCAATTC
proti643,wang1141CR,CCGCGGTAATTCCAGCTC,GGTGCCCTTCCGTCAATTC
proti628,wang1141CR,GTCTGGTGCCAGCASCC,GGTGCCCTTCCGTCAATTC
proti1580,wang1624CR6L,TTGACGGARKGGYACCACMA,GGGCGGTGTGTACAAAGG
Hadz_1200CR,wang1624CR6L,GCTTAATTTGACTCAACACGGG,GGGCGGTGTGTACAAAGG
proti1702,wang1624CR6L,YGGTGRTGCATGGCCGYT,GGGCGGTGTGTACAAAGG
Hadz_1200CR,wang1624CR6S,GCTTAATTTGACTCAACACGGG,AGCGACGGGCGGTGTGTA
